active_slot,1
slot,3,coins,32
slot,3,selected_deck_slot,0
slot,3,slot_name,Minoru1017
slot,3,card,m,5,4
slot,3,card,m,13,9
slot,3,card,m,8,10
slot,3,card,m,0,2
slot,3,card,m,21,5
slot,3,card,m,11,5
slot,3,card,m,19,9
slot,3,card,m,12,4
slot,3,card,m,15,2
slot,3,card,m,20,7
slot,3,card,m,18,4
slot,3,card,m,6,2
slot,3,card,m,16,5
slot,3,card,m,9,2
slot,3,card,m,22,4
slot,3,card,m,17,4
slot,3,card,m,7,5
slot,3,card,m,14,5
slot,3,card,s,1,3
slot,3,card,s,2,2
slot,3,card,m,10,2
slot,3,card,m,1,1
slot,3,card,m,2,2
slot,3,card,m,3,1
slot,3,card,m,4,8
slot,3,card,s,0,3
slot,3,deckslot,0,m,4,4
slot,3,deckslot,0,m,5,4
slot,3,deckslot,0,m,17,4
slot,3,deckslot,0,m,22,4
slot,3,deckslot,0,m,14,3
slot,3,deckslot,0,m,6,2
slot,3,deckslot,0,m,7,2
slot,3,deckslot,0,m,2,1
slot,3,deckslot,0,s,0,3
slot,3,deckslot,0,s,1,3
slot,3,deckslot,1,m,4,4
slot,3,deckslot,1,m,12,2
slot,3,deckslot,1,m,13,2
slot,3,deckslot,1,m,6,1
slot,3,deckslot,1,m,15,2
slot,3,deckslot,1,s,2,2
slot,3,deckslot,1,m,2,1
slot,3,deckslot,1,m,3,2
slot,3,deckslot,1,m,9,1
slot,3,deckslot,1,s,0,2
slot,3,deckslot,1,m,5,1
slot,3,deckslot,1,m,14,2
slot,3,deckslot,1,m,1,2
slot,3,deckslot,1,m,11,1
slot,3,deckslot,1,m,0,2
slot,3,deckslot,1,m,21,1
slot,3,deckslot,1,m,18,2
slot,3,deckslot,2,m,12,1
slot,3,deckslot,2,m,10,1
slot,3,deckslot,2,m,15,1
slot,3,deckslot,2,s,0,2
slot,3,deckslot,2,m,11,1
slot,3,deckslot,2,s,1,1
slot,3,deckslot,2,m,17,1
slot,3,deckslot,2,m,4,1
slot,3,deckslot,2,m,22,1
slot,3,deckslot,2,s,2,1
slot,3,deckslot,4,m,12,1
slot,3,deck,m,4,4
slot,3,deck,m,5,4
slot,3,deck,m,17,4
slot,3,deck,m,22,4
slot,3,deck,m,14,3
slot,3,deck,m,6,2
slot,3,deck,m,7,2
slot,3,deck,m,2,1
slot,3,deck,s,0,3
slot,3,deck,s,1,3
slot,3,proficiency,m,10,4.001,3
slot,3,proficiency,m,15,9.338,6
slot,3,proficiency,m,11,6.502,6
slot,3,proficiency,m,17,6.337,3
slot,3,proficiency,m,18,6.002,6
slot,3,proficiency,m,22,6.337,3
slot,3,proficiency,m,6,9.007,3
slot,3,proficiency,m,2,6.171,3
slot,3,proficiency,m,3,4.002,4
slot,3,proficiency,m,9,3.168,3
slot,3,proficiency,m,5,9.007,3
slot,3,proficiency,m,14,6.171,3
slot,3,proficiency,m,1,6.004,3
slot,3,proficiency,m,0,6.838,4
slot,3,proficiency,m,21,6.004,3
slot,3,proficiency,m,20,3.67,1
slot,3,proficiency,m,19,2.836,0
slot,3,proficiency,m,7,3.003,0
slot,3,tutorial_intro_trio_reward,1
slot,3,tutorial_battle,1
slot,3,academy_intro_graduated,1
slot,3,tutorial_plot,1
slot,3,harbor_combat_clear,1
slot,3,harbor_hard_reward,1
slot,3,deck_slot_name,0,小肥鳥
slot,3,deck_slot_name,1,國王隊
slot,3,deck_slot_name,2,教會隊
slot,3,deck_slot_name,3,牌組4
slot,3,deck_slot_name,4,牌組5
slot,3,profile_uuid,9818680397494c9fb34cf02e3f25aabf
slot,3,profile_schema_version,1
slot,3,profile_role,遊戲測試員
slot,3,profile_decks,小肥鳥:30張 | 國王隊:30張 | 教會隊:11張 | 牌組4:0張 | 牌組5:1張
slot,3,profile_heroes,無
slot,3,profile_start_date,2026-05-16
slot,3,profile_wins,44
slot,3,profile_losses,55
slot,3,profile_draws,4
slot,3,profile_quits,30
slot,3,profile_last_result,戰敗
slot,3,battle_record,0,-1,普通
slot,3,battle_record,1,-1,普通
slot,3,battle_record,2,-1,普通
slot,3,battle_record,3,-1,普通
slot,3,battle_record,4,1,普通
slot,3,battle_record,5,-1,普通
slot,3,battle_record,6,-1,普通
slot,3,battle_record,7,-1,普通
slot,3,battle_record,8,-1,普通
slot,3,battle_record,9,-1,普通
slot,3,battle_record,10,-1,普通
slot,3,battle_record,11,-1,普通
slot,3,battle_record,12,-1,普通
slot,3,battle_record,13,-1,普通
slot,3,battle_record,14,-1,普通
slot,3,battle_record,15,1,普通
slot,3,battle_record,16,-1,普通
slot,3,battle_record,17,1,普通
slot,3,battle_record,18,-1,普通
slot,3,battle_record,19,-1,普通
slot,3,battle_record,20,-1,普通
slot,3,battle_record,21,-1,普通
slot,3,battle_record,22,-1,普通
slot,3,battle_record,23,1,普通
slot,3,battle_record,24,-1,普通
slot,3,battle_record,25,-1,普通
slot,3,battle_record,26,-1,普通
slot,3,battle_record,27,1,普通
slot,3,battle_record,28,-1,普通
slot,3,battle_record,29,-1,普通
slot,3,battle_record,30,-1,普通
slot,3,battle_record,31,-1,普通
slot,3,battle_record,32,-1,普通
slot,3,battle_record,33,-1,普通
slot,3,battle_record,34,-1,普通
slot,3,battle_record,35,1,普通
slot,3,battle_record,36,-1,普通
slot,3,battle_record,37,-1,普通
slot,3,battle_record,38,-1,普通
slot,3,battle_record,39,-1,普通
slot,3,battle_record,40,-1,普通
slot,3,battle_record,41,-1,普通
slot,3,battle_record,42,-1,普通
slot,3,battle_record,43,-1,普通
slot,3,battle_record,44,1,魔王
slot,3,battle_record,45,1,魔王
slot,3,battle_record,46,1,魔王
slot,3,battle_record,47,1,魔王
slot,3,battle_record,48,3,魔王
slot,3,battle_record,49,3,魔王
slot,3,battle_record,50,-1,魔王
slot,3,battle_record,51,-1,魔王
slot,3,battle_record,52,-1,魔王
slot,3,battle_record,53,-1,魔王
slot,3,battle_record,54,-1,魔王
slot,3,battle_record,55,3,魔王
slot,3,battle_record,56,3,魔王
slot,3,battle_record,57,3,魔王
slot,3,battle_record,58,3,魔王
slot,3,battle_record,59,3,魔王
slot,3,battle_record,60,-1,普通
slot,3,battle_record,61,-1,普通
slot,3,battle_record,62,-1,普通
slot,3,battle_record,63,1,普通
slot,3,battle_record,64,-1,普通
slot,3,battle_record,65,-1,普通
slot,3,battle_record,66,-1,普通
slot,3,battle_record,67,-1,普通
slot,3,battle_record,68,1,魔王
slot,3,battle_record,69,-1,魔王
slot,3,battle_record,70,-1,魔王
slot,3,battle_record,71,-1,魔王
slot,3,battle_record,72,-1,魔王
slot,3,battle_record,73,-1,魔王
slot,3,battle_record,74,1,魔王
slot,3,battle_record,75,-1,魔王
slot,3,battle_record,76,-1,魔王
slot,3,battle_record,77,-1,魔王
slot,3,battle_record,78,-1,普通
slot,3,battle_record,79,-1,普通
slot,3,battle_record,80,1,困難
slot,3,battle_record,81,1,困難
slot,3,battle_record,82,1,困難
slot,3,battle_record,83,1,困難
slot,3,battle_record,84,3,魔王
slot,3,battle_record,85,3,魔王
slot,3,battle_record,86,3,魔王
slot,3,battle_record,87,3,魔王
slot,3,battle_record,88,1,普通
slot,3,battle_record,89,-1,普通
slot,3,battle_record,90,3,魔王
slot,3,battle_record,91,-1,魔王
slot,3,battle_record,92,1,魔王
slot,3,battle_record,93,1,魔王
slot,3,battle_record,94,1,魔王
slot,3,battle_record,95,1,困難
slot,3,battle_record,96,1,困難
slot,3,battle_record,97,1,困難
slot,3,battle_record,98,1,困難
slot,3,battle_record,99,1,困難
slot,3,battle_record,100,-1,普通
slot,3,battle_record,101,-1,普通
slot,3,battle_record,102,-1,普通
slot,3,battle_record,103,-1,普通
slot,3,battle_record,104,-1,普通
slot,3,battle_record,105,-1,普通
slot,3,battle_record,106,-1,普通
slot,3,battle_record,107,-1,普通
slot,3,battle_record,108,-1,普通
slot,3,battle_record,109,1,普通
slot,3,battle_record,110,-1,普通
slot,3,battle_record,111,1,普通
slot,3,battle_record,112,1,普通
slot,3,battle_record,113,-1,普通
slot,3,battle_record,114,-1,普通
slot,3,battle_record,115,-1,普通
slot,3,battle_record,116,-1,普通
slot,3,battle_record,117,-1,普通
slot,3,battle_record,118,-1,困難
slot,3,battle_record,119,-1,困難
slot,3,battle_record,120,-1,困難
slot,3,battle_record,121,-1,普通
slot,3,battle_record,122,1,普通
slot,3,battle_record,123,-1,普通
slot,3,battle_record,124,-1,普通
slot,3,battle_record,125,-1,普通
slot,3,battle_record,126,-1,普通
slot,3,battle_record,127,-1,普通
slot,3,battle_record,128,-1,普通
slot,3,battle_record,129,1,普通
slot,3,battle_record,130,-1,普通
slot,3,battle_record,131,1,普通
slot,3,battle_record,132,-1,普通
slot,3,battle_record,133,-1,普通
slot,3,battle_record,134,-1,普通
slot,3,battle_record,135,-1,普通
slot,3,battle_record,136,-1,普通
slot,3,battle_record,137,-1,普通
slot,3,battle_record,138,-1,普通
slot,3,battle_record,139,-1,普通
slot,3,battle_record,140,-1,普通
slot,3,battle_record,141,-1,普通
slot,3,battle_record,142,-1,普通
slot,3,battle_record,143,-1,普通
slot,3,battle_record,144,-1,普通
slot,3,battle_record,145,1,普通
slot,3,battle_record,146,1,普通
slot,3,battle_record,147,-1,普通
slot,3,battle_record,148,-1,普通
slot,3,battle_record,149,-1,普通
slot,3,battle_record,150,-1,普通
slot,3,battle_record,151,-1,普通
slot,3,battle_record,152,-1,普通
slot,3,battle_record,153,-1,普通
slot,3,battle_record,154,-1,普通
slot,3,battle_record,155,-1,普通
slot,3,battle_record,156,-1,普通
slot,3,battle_record,157,-1,普通
slot,3,battle_record,158,-1,普通
slot,3,battle_record,159,-1,普通
slot,3,battle_record,160,-1,普通
slot,3,battle_record,161,-1,普通
slot,3,battle_record,162,1,普通
slot,3,battle_record,163,-1,普通
slot,3,battle_record,164,-1,普通
slot,3,battle_record,165,-1,普通
slot,3,battle_record,166,-1,普通
slot,3,battle_record,167,-1,普通
slot,3,battle_record,168,-1,普通
slot,3,battle_record,169,-1,普通
slot,3,battle_record,170,1,普通
slot,3,battle_record,171,-1,普通
slot,3,battle_record,172,1,普通
slot,3,battle_record,173,-1,普通
slot,3,battle_record,174,1,普通
slot,3,battle_record,175,1,普通
slot,3,battle_record,176,1,困難
slot,3,battle_record,177,1,困難
slot,3,battle_record,178,-1,普通
slot,3,battle_record,179,-1,普通
slot,3,battle_record,180,-1,普通
slot,3,battle_record,181,-1,普通
slot,3,battle_record,182,-1,普通
slot,3,battle_record,183,-1,普通
slot,3,battle_record,184,-1,普通
slot,3,battle_record,185,-1,普通
slot,3,battle_record,186,-1,普通
slot,3,battle_record,187,-1,普通
slot,3,battle_record,188,-1,普通
slot,3,battle_record,189,-1,普通
slot,3,battle_record,190,-1,普通
slot,3,battle_record,191,1,普通
slot,3,battle_record,192,1,困難
slot,3,battle_record,193,-1,困難
slot,3,battle_record,194,-1,困難
slot,3,battle_record,195,-1,入門
slot,3,battle_record,196,-1,入門
slot,3,battle_record,197,-1,入門
slot,3,battle_record,198,-1,入門
slot,3,battle_record,199,-1,入門
slot,2,coins,100
slot,2,selected_deck_slot,0
slot,2,slot_name,玩家2
slot,2,tutorial_plot,0
slot,2,tutorial_battle,0
slot,2,tutorial_starter_deck_notify,0
slot,2,tutorial_intro_trio_reward,0
slot,2,academy_intro_graduated,0
slot,2,harbor_combat_clear,0
slot,2,harbor_hard_reward,0
slot,1,coins,98
slot,1,selected_deck_slot,0
slot,1,slot_name,玩家1
slot,1,card,m,4,5
slot,1,card,m,5,4
slot,1,card,m,17,4
slot,1,card,m,22,6
slot,1,card,m,14,3
slot,1,card,m,6,4
slot,1,card,m,7,2
slot,1,card,m,2,1
slot,1,card,s,0,3
slot,1,card,s,1,3
slot,1,card,m,13,1
slot,1,card,m,12,1
slot,1,card,m,3,1
slot,1,deckslot,0,m,4,4
slot,1,deckslot,0,m,5,4
slot,1,deckslot,0,m,17,4
slot,1,deckslot,0,m,22,4
slot,1,deckslot,0,m,14,3
slot,1,deckslot,0,m,6,2
slot,1,deckslot,0,m,7,2
slot,1,deckslot,0,m,2,1
slot,1,deckslot,0,s,0,3
slot,1,deckslot,0,s,1,3
slot,1,deck,m,4,4
slot,1,deck,m,5,4
slot,1,deck,m,17,4
slot,1,deck,m,22,4
slot,1,deck,m,14,3
slot,1,deck,m,6,2
slot,1,deck,m,7,2
slot,1,deck,m,2,1
slot,1,deck,s,0,3
slot,1,deck,s,1,3
slot,1,proficiency,m,5,1,0
slot,1,proficiency,m,17,1,0
slot,1,proficiency,m,22,1,0
slot,1,proficiency,m,14,1,0
slot,1,proficiency,m,6,1,0
slot,1,proficiency,m,7,1,0
slot,1,proficiency,m,2,1,0
slot,1,tutorial_starter_deck_notify,1
slot,1,tutorial_intro_trio_reward,1
slot,1,academy_intro_graduated,1
slot,1,harbor_combat_clear,0
slot,1,harbor_hard_reward,0
slot,1,tutorial_plot,1
slot,1,tutorial_battle,1
slot,1,deck_slot_name,0,牌組1
slot,1,deck_slot_name,1,牌組2
slot,1,deck_slot_name,2,牌組3
slot,1,deck_slot_name,3,牌組4
slot,1,deck_slot_name,4,牌組5
slot,1,profile_uuid,d5aec083916644349b12e21e1fa7eb41
slot,1,profile_schema_version,1
slot,1,profile_role,遊戲測試員
slot,1,profile_decks,尚無牌組資料
slot,1,profile_heroes,無
slot,1,profile_start_date,2026-06-06
slot,1,profile_wins,2
slot,1,profile_losses,0
slot,1,profile_draws,0
slot,1,profile_quits,0
slot,1,profile_last_result,勝利
slot,1,battle_record,0,1,入門
slot,1,battle_record,1,1,入門
