active_slot,3
slot,2,coins,100
slot,2,gems,60
slot,2,selected_deck_slot,0
slot,2,slot_name,玩家2
slot,2,bird_cd,own,harbor_practice_tape
slot,2,bird_cd,own,dawn_hymn
slot,2,bird_cd,own,court_march
slot,2,bird_cd,frag,harbor_practice_tape,8
slot,2,bird_cd,pity_sr,1
slot,2,tutorial_starter_deck_notify,0
slot,2,tutorial_intro_trio_reward,0
slot,2,academy_intro_graduated,0
slot,2,harbor_combat_clear,0
slot,2,harbor_hard_reward,0
slot,2,harbor_hot_blood_met,0
slot,2,harbor_gem_easy,0
slot,2,harbor_gem_normal,0
slot,2,harbor_gem_hard,0
slot,2,deck_slot_name,0,牌組1
slot,2,deck_slot_name,1,牌組2
slot,2,deck_slot_name,2,牌組3
slot,2,deck_slot_name,3,牌組4
slot,2,deck_slot_name,4,牌組5
slot,2,profile_uuid,201989247c3d4a8d88cfeb6ad4b4d163
slot,2,profile_schema_version,1
slot,2,profile_role,遊戲測試員
slot,2,profile_decks,牌組1:0張 | 牌組2:0張 | 牌組3:0張 | 牌組4:0張 | 牌組5:0張
slot,2,profile_heroes,無
slot,2,profile_start_date,2026-06-17
slot,2,profile_wins,0
slot,2,profile_losses,0
slot,2,profile_draws,0
slot,2,profile_quits,0
slot,2,profile_last_result,無
slot,1,coins,0
slot,1,gems,0
slot,1,selected_deck_slot,0
slot,1,slot_name,玩家1
slot,1,bird_cd,own,harbor_practice_tape
slot,1,tutorial_starter_deck_notify,1
slot,1,tutorial_intro_trio_reward,1
slot,1,academy_intro_graduated,1
slot,1,harbor_combat_clear,1
slot,1,harbor_hard_reward,1
slot,1,harbor_hot_blood_met,1
slot,1,harbor_gem_easy,0
slot,1,harbor_gem_normal,0
slot,1,harbor_gem_hard,1
slot,1,tutorial_plot,1
slot,1,tutorial_battle,1
slot,1,deck_slot_name,0,牌組1
slot,1,deck_slot_name,1,牌組2
slot,1,deck_slot_name,2,牌組3
slot,1,deck_slot_name,3,牌組4
slot,1,deck_slot_name,4,牌組5
slot,1,profile_uuid,865d97b0416843d4afc7b6feb7feb708
slot,1,profile_schema_version,1
slot,1,profile_role,遊戲測試員
slot,1,profile_decks,牌組1:0張 | 牌組2:0張 | 牌組3:0張 | 牌組4:0張 | 牌組5:0張
slot,1,profile_heroes,無
slot,1,profile_start_date,2026-06-17
slot,1,profile_wins,5
slot,1,profile_losses,2
slot,1,profile_draws,0
slot,1,profile_quits,0
slot,1,profile_last_result,勝利
slot,1,battle_record,0,1,入門
slot,1,battle_record,1,1,困難
slot,1,battle_record,2,-1,困難
slot,1,battle_record,3,-1,魔王
slot,1,battle_record,4,1,入門
slot,1,battle_record,5,1,魔王
slot,1,battle_record,6,1,魔王
slot,3,coins,30
slot,3,gems,348
slot,3,selected_deck_slot,0
slot,3,slot_name,Minoru1017
slot,3,card,m,5,4
slot,3,card,m,13,10
slot,3,card,m,8,10
slot,3,card,m,0,2
slot,3,card,m,21,5
slot,3,card,m,11,6
slot,3,card,m,19,9
slot,3,card,m,12,4
slot,3,card,m,15,3
slot,3,card,m,20,7
slot,3,card,m,18,4
slot,3,card,m,6,2
slot,3,card,m,16,5
slot,3,card,m,9,2
slot,3,card,m,22,4
slot,3,card,m,17,4
slot,3,card,m,7,5
slot,3,card,m,14,5
slot,3,card,s,1,3
slot,3,card,s,2,2
slot,3,card,m,10,3
slot,3,card,m,1,1
slot,3,card,m,2,3
slot,3,card,m,3,1
slot,3,card,m,4,8
slot,3,card,s,0,3
slot,3,deckslot,0,m,4,4
slot,3,deckslot,0,m,5,4
slot,3,deckslot,0,m,17,4
slot,3,deckslot,0,m,22,4
slot,3,deckslot,0,m,14,3
slot,3,deckslot,0,m,6,2
slot,3,deckslot,0,m,7,2
slot,3,deckslot,0,m,2,1
slot,3,deckslot,0,s,0,3
slot,3,deckslot,0,s,1,3
slot,3,deckslot,1,m,4,4
slot,3,deckslot,1,m,12,2
slot,3,deckslot,1,m,13,2
slot,3,deckslot,1,m,6,1
slot,3,deckslot,1,m,15,2
slot,3,deckslot,1,s,2,2
slot,3,deckslot,1,m,2,1
slot,3,deckslot,1,m,3,2
slot,3,deckslot,1,m,9,1
slot,3,deckslot,1,s,0,2
slot,3,deckslot,1,m,5,1
slot,3,deckslot,1,m,14,2
slot,3,deckslot,1,m,1,2
slot,3,deckslot,1,m,11,1
slot,3,deckslot,1,m,0,2
slot,3,deckslot,1,m,21,1
slot,3,deckslot,1,m,18,2
slot,3,deckslot,2,m,12,1
slot,3,deckslot,2,m,10,1
slot,3,deckslot,2,m,15,1
slot,3,deckslot,2,s,0,2
slot,3,deckslot,2,m,11,1
slot,3,deckslot,2,s,1,1
slot,3,deckslot,2,m,17,1
slot,3,deckslot,2,m,4,1
slot,3,deckslot,2,m,22,1
slot,3,deckslot,2,s,2,1
slot,3,deckslot,4,m,12,1
slot,3,deck,m,4,4
slot,3,deck,m,5,4
slot,3,deck,m,17,4
slot,3,deck,m,22,4
slot,3,deck,m,14,3
slot,3,deck,m,6,2
slot,3,deck,m,7,2
slot,3,deck,m,2,1
slot,3,deck,s,0,3
slot,3,deck,s,1,3
slot,3,proficiency,m,10,4.001,3
slot,3,proficiency,m,15,9.338,6
slot,3,proficiency,m,11,6.502,6
slot,3,proficiency,m,17,6.337,3
slot,3,proficiency,m,18,6.002,6
slot,3,proficiency,m,22,6.337,3
slot,3,proficiency,m,6,9.007,3
slot,3,proficiency,m,2,6.171,3
slot,3,proficiency,m,3,4.002,4
slot,3,proficiency,m,9,3.168,3
slot,3,proficiency,m,5,9.007,3
slot,3,proficiency,m,14,6.171,3
slot,3,proficiency,m,1,6.004,3
slot,3,proficiency,m,0,6.838,4
slot,3,proficiency,m,21,6.004,3
slot,3,proficiency,m,20,3.67,1
slot,3,proficiency,m,19,2.836,0
slot,3,proficiency,m,7,3.003,0
slot,3,bird_cd,own,harbor_practice_tape
slot,3,tutorial_intro_trio_reward,1
slot,3,tutorial_battle,1
slot,3,academy_intro_graduated,1
slot,3,tutorial_plot,1
slot,3,harbor_combat_clear,1
slot,3,harbor_hard_reward,1
slot,1,valuable,0,910002,1
slot,1,valuable,1,910001,1
slot,2,valuable,0,910004,1
slot,2,valuable,1,910002,1
slot,3,valuable,0,910001,1
slot,3,deck_slot_name,0,撠曈?slot 3 deck_slot_na
slot,3,deck_slot_name,1,牌組2
slot,3,deck_slot_name,2,牌組3
slot,3,deck_slot_name,3,牌組4
slot,3,deck_slot_name,4,??5
slot,3,profile_uuid,9818680397494c9fb34cf02e3f25aabf
slot,3,profile_schema_version,1
slot,3,profile_role,遊戲測試員
slot,3,profile_decks,撠曈?slot 3 deck_slot_na:30張 | 牌組2:30張 | 牌組3:11張 | 牌組4:0張 | ??5:1張
slot,3,profile_heroes,無
slot,3,profile_start_date,2026-06-17
slot,3,profile_wins,44
slot,3,profile_losses,55
slot,3,profile_draws,4
slot,3,profile_quits,30
slot,3,profile_last_result,?唳?
slot,3,battle_record,0,1,入門
slot,3,battle_record,1,1,困難
slot,3,battle_record,2,-1,困難
slot,3,battle_record,3,-1,魔王
slot,3,battle_record,4,1,入門
slot,3,battle_record,5,1,魔王
slot,3,battle_record,6,1,魔王
slot,3,battle_record,7,1,擳?
slot,3,battle_record,8,1,擳?
slot,3,battle_record,9,1,擳?
slot,3,battle_record,10,3,擳?
slot,3,battle_record,11,3,擳?
slot,3,battle_record,12,-1,擳?
slot,3,battle_record,13,-1,擳?
slot,3,battle_record,14,-1,擳?
slot,3,battle_record,15,-1,擳?
slot,3,battle_record,16,-1,擳?
slot,3,battle_record,17,3,擳?
slot,3,battle_record,18,3,擳?
slot,3,battle_record,19,3,擳?
slot,3,battle_record,20,3,擳?
slot,3,battle_record,21,3,擳?
slot,3,battle_record,22,-1,?桅?slot
slot,3,battle_record,23,-1,擳?
slot,3,battle_record,24,-1,擳?
slot,3,battle_record,25,-1,擳?
slot,3,battle_record,26,-1,擳?
slot,3,battle_record,27,-1,擳?
slot,3,battle_record,28,1,擳?
slot,3,battle_record,29,-1,擳?
slot,3,battle_record,30,-1,擳?
slot,3,battle_record,31,-1,擳?
slot,3,battle_record,32,-1,?桅?slot
slot,3,battle_record,33,1,?圈
slot,3,battle_record,34,1,?圈
slot,3,battle_record,35,1,?圈
slot,3,battle_record,36,3,擳?
slot,3,battle_record,37,3,擳?
slot,3,battle_record,38,3,擳?
slot,3,battle_record,39,3,擳?
slot,3,battle_record,40,1,?桅?slot
slot,3,battle_record,41,-1,擳?
slot,3,battle_record,42,1,擳?
slot,3,battle_record,43,1,擳?
slot,3,battle_record,44,1,擳?
slot,3,battle_record,45,1,?圈
slot,3,battle_record,46,1,?圈
slot,3,battle_record,47,1,?圈
slot,3,battle_record,48,1,?圈
slot,3,battle_record,49,1,?圈
slot,3,battle_record,50,-1,?桅?slot
slot,3,battle_record,51,-1,?圈
slot,3,battle_record,52,-1,?圈
slot,3,battle_record,53,-1,?桅?slot
slot,3,battle_record,54,1,?圈
slot,3,battle_record,55,-1,?桅?slot
slot,3,battle_record,56,-1,?圈
slot,3,battle_record,57,-1,?圈
slot,3,battle_record,58,-1,?仿?
slot,3,battle_record,59,-1,?仿?
slot,3,battle_record,60,-1,?仿?
slot,3,battle_record,61,-1,?仿?
slot,3,battle_record,62,-1,?仿?
